股票代码,总市值
600000,2122.16
600004,338.68
600006,117.6
600007,198.74
600008,215.08
600009,1172.82
600010,835.45
600011,1381.43
600012,170.51
600015,891.24
600016,1733.78
600017,92.27
600018,1206.12
600019,1400.29
600020,82.93
600021,279.14
600022,161.55
600023,620.82
600025,1269.0
600026,671.25
600027,557.4
600028,7289.7
600029,1246.72
600030,3571.75
600031,1349.37
600032,268.36
600033,85.9
600035,63.6
600036,8360.38
600037,115.8
600038,231.31
600039,814.91
600048,1671.07
600050,1672.89
600051,23.44
600052,40.61
600053,60.7
600054,95.99
600055,132.25
600056,201.64
600057,179.42
600058,103.87
600059,93.98
600060,275.78
600061,509.53
600062,172.64
600063,113.79
600064,116.11
600066,287.81
600067,41.33
600070,14.51
600071,53.95
600072,162.12
600073,71.92
600075,81.95
600076,36.44
600078,58.7
600079,360.49
600080,27.85
600081,60.9
600082,22.81
600083,16.24
600084,94.51
600085,777.62
600088,54.29
600089,814.13
600094,89.61
600095,259.9
600096,327.61
600097,23.47
600098,216.9
600099,19.61
600100,239.55
600101,36.5
600103,67.33
600104,1729.15
600105,93.97
600106,63.93
600107,19.26
600108,62.5
600109,378.02
600110,119.98
600111,877.01
600112,17.72
600113,30.16
600114,51.9
600115,1058.84
600116,163.11
600117,30.94
600118,312.3
600119,22.83
600120,141.4
600121,53.73
600123,129.06
600125,78.07
600126,153.66
600127,59.04
600128,21.32
600129,265.86
600130,31.41
600131,190.12
600132,424.93
600133,63.07
600135,40.5
600136,17.08
600137,15.77
600138,96.92
600141,251.91
600143,230.64
600148,21.5
600149,21.86
600150,1297.45
600151,118.47
600152,40.31
600153,331.17
600155,179.1
600156,18.09
600157,328.82
600158,92.4
600159,28.05
600160,445.19
600161,403.22
600162,73.87
600163,98.0
600165,28.83
600166,278.53
600167,149.19
600168,44.84
600169,83.85
600170,250.58
600171,120.72
600172,57.54
600173,39.65
600176,573.25
600177,322.17
600178,29.86
600179,123.56
600180,65.31
600182,53.35
600183,357.63
600184,62.88
600185,123.84
600186,59.56
600187,44.54
600188,1315.75
600189,50.35
600190,63.27
600191,36.32
600192,24.08
600193,22.46
600195,119.37
600196,791.49
600197,116.62
600198,84.6
600199,173.46
600200,54.2
600201,111.59
600202,21.08
600203,34.57
600206,107.77
600207,56.97
600208,227.19
600210,77.66
600211,121.96
600212,38.94
600213,28.94
600215,44.69
600216,105.57
600217,67.35
600218,37.03
600219,372.33
600220,41.37
600221,717.38
600222,32.77
600223,102.57
600225,184.9
600226,84.42
600227,47.75
600228,56.31
600229,53.7
600230,62.17
600231,67.31
600232,19.95
600233,524.25
600234,18.74
600235,19.46
600236,434.32
600237,44.08
600238,49.66
600239,47.53
600241,23.4
600243,18.52
600246,120.57
600248,181.28
600249,29.04
600250,20.1
600251,73.97
600252,87.67
600255,40.46
600256,453.04
600257,29.4
600258,225.45
600259,123.03
600261,48.68
600262,31.93
600265,21.91
600266,164.95
600267,130.33
600268,60.5
600269,88.04
600271,241.43
600272,28.65
600273,130.1
600276,2500.57
600277,113.58
600278,65.41
600279,50.92
600280,53.6
600281,21.76
600282,220.09
600283,50.34
600284,64.13
600285,89.63
600287,23.87
600288,45.78
600289,16.98
600290,10.71
600292,45.99
600293,31.21
600295,260.29
600297,167.9
600298,308.87
600299,216.97
600300,50.78
600301,104.88
600302,17.89
600303,34.73
600305,121.65
600306,18.69
600307,104.6
600308,58.1
600309,2982.76
600310,61.27
600312,156.45
600313,99.89
600315,189.41
600316,156.9
600318,37.63
600319,19.89
600320,197.56
600321,27.64
600322,31.62
600323,151.08
600325,228.44
600326,55.07
600327,40.7
600328,133.42
600329,300.78
600330,124.08
600331,85.14
600332,504.0
600333,30.63
600335,120.71
600336,44.29
600337,45.13
600338,158.16
600339,217.18
600340,97.45
600343,64.97
600345,37.94
600346,1055.86
600348,280.3
600350,311.24
600351,56.29
600352,312.65
600353,58.8
600354,36.15
600355,16.88
600356,23.06
600358,27.37
600359,30.33
600360,64.72
600361,231.41
600362,673.85
600363,162.15
600365,15.81
600366,88.66
600367,39.97
600368,45.81
600369,303.02
600370,106.37
600371,34.64
600372,712.77
600373,165.59
600375,46.39
600376,123.3
600377,465.49
600378,364.41
600379,32.69
600380,219.08
600381,51.54
600382,37.55
600383,370.65
600386,32.66
600387,25.23
600388,183.46
600389,106.57
600390,270.33
600391,70.85
600392,217.53
600395,137.81
600396,36.82
600397,30.59
600398,298.48
600399,181.83
600400,75.45
600403,99.94
600405,31.15
600406,1895.08
600408,24.26
600409,122.0
600410,77.52
600415,446.57
600416,224.26
600418,299.86
600419,50.05
600420,139.75
600421,19.68
600422,124.46
600423,26.52
600425,72.21
600426,680.52
600428,132.66
600429,81.09
600433,65.43
600435,156.56
600436,1742.38
600438,1562.63
600439,29.54
600444,19.31
600446,135.1
600448,19.21
600449,75.7
600452,170.67
600455,13.79
600456,156.9
600458,85.92
600459,114.15
600460,415.05
600461,87.25
600462,11.72
600463,27.42
600467,36.82
600468,70.59
600469,44.28
600470,28.74
600475,99.18
600476,25.96
600477,95.0
600478,104.66
600479,44.63
600480,84.0
600481,209.33
600482,421.6
600483,208.36
600486,290.47
600487,354.96
600488,56.02
600489,516.24
600490,76.34
600491,71.13
600493,16.13
600495,49.66
600496,76.49
600497,277.48
600498,204.33
600499,212.18
600500,196.1
600501,59.26
600502,92.52
600503,46.95
600505,29.38
600506,19.87
600507,114.69
600508,102.63
600509,98.33
600510,68.96
600511,247.33
600512,44.29
600513,27.48
600515,475.29
600516,247.6
600517,303.08
600518,274.5
600519,23038.67
600520,21.59
600521,272.19
600522,500.68
600523,52.84
600525,66.54
600526,43.54
600527,34.81
600528,212.6
600529,168.16
600530,17.98
600531,79.81
600533,37.9
600535,199.91
600536,452.9
600537,76.34
600538,22.65
600539,15.41
600540,29.88
600543,17.31
600545,46.25
600546,299.35
600547,1091.52
600548,204.56
600549,265.54
600550,93.37
600551,52.84
600552,99.37
600556,125.82
600557,108.21
600558,33.3
600559,236.83
600560,28.85
600561,15.79
600562,193.73
600563,297.88
600565,46.84
600566,231.17
600567,100.59
600568,33.68
600569,64.05
600570,748.98
600571,46.4
600572,135.7
600573,27.12
600575,100.65
600576,83.46
600577,94.81
600578,235.65
600579,34.8
600580,160.38
600581,66.29
600582,228.86
600583,265.28
600584,568.1
600585,1343.37
600586,105.44
600587,122.88
600588,646.8
600589,19.15
600590,55.01
600592,36.52
600593,20.41
600594,42.61
600595,127.35
600596,127.52
600597,149.17
600598,249.59
600599,16.5
600600,1303.52
600601,148.46
600602,178.48
600603,77.65
600604,98.16
600605,41.44
600606,435.68
600608,13.58
600609,62.68
600610,140.23
600611,75.89
600612,313.03
600613,44.86
600615,16.49
600616,46.7
600617,60.91
600618,103.04
600619,65.76
600620,82.26
600621,132.61
600622,53.09
600623,138.33
600624,42.04
600626,47.41
600628,48.39
600629,65.9
600630,24.26
600633,175.68
600635,100.68
600636,48.23
600637,270.77
600638,45.32
600639,146.14
600640,88.96
600641,156.44
600642,325.99
600643,96.18
600644,37.58
600645,79.93
600647,20.62
600648,136.24
600649,117.37
600650,52.62
600651,91.01
600653,37.76
600654,61.28
600655,291.32
600657,144.59
600658,65.66
600660,971.09
600661,25.85
600662,137.25
600663,514.5
600664,84.7
600665,39.32
600666,57.2
600667,143.22
600668,40.19
600671,12.57
600673,210.37
600674,659.76
600675,240.19
600676,44.12
600678,19.3
600679,44.47
600681,60.61
600682,111.19
600683,51.56
600684,36.95
600685,355.78
600686,50.98
600688,344.5
600689,18.93
600690,2227.4
600691,75.79
600692,21.67
600693,35.75
600694,55.57
600696,86.13
600697,20.43
600698,49.56
600699,255.96
600702,455.81
600703,830.17
600704,256.03
600705,348.58
600706,43.49
600707,217.46
600708,61.51
600710,103.23
600711,156.58
600712,22.55
600713,70.75
600714,25.56
600715,42.11
600716,39.97
600717,131.68
600718,124.86
600719,30.99
600720,87.49
600721,27.88
600722,33.61
600724,58.97
600725,34.26
600726,192.15
600727,31.45
600728,126.1
600729,135.54
600730,35.02
600731,41.46
600732,438.57
600733,307.1
600734,86.48
600735,25.26
600736,61.59
600737,175.17
600738,41.65
600739,217.68
600740,131.95
600741,596.5
600742,65.31
600743,49.97
600744,71.29
600745,576.66
600746,80.7
600748,88.54
600749,29.89
600750,120.66
600751,76.25
600753,23.15
600754,503.13
600755,170.62
600756,48.65
600757,101.1
600758,60.02
600759,59.76
600760,1167.87
600761,153.74
600763,349.18
600764,172.19
600765,364.63
600766,28.72
600768,14.11
600769,32.55
600770,70.46
600771,151.99
600773,110.0
600774,32.45
600775,83.34
600776,144.19
600777,177.49
600778,22.58
600779,334.67
600780,109.49
600782,134.25
600783,98.33
600784,46.21
600785,33.08
600787,122.12
600789,59.83
600790,63.47
600791,23.78
600792,34.05
600793,21.44
600794,46.79
600795,645.65
600796,46.71
600797,69.77
600798,42.95
600800,43.04
600801,286.19
600802,25.02
600803,566.08
600804,71.6
600805,38.29
600807,32.73
600808,214.45
600809,2760.78
600810,72.36
600811,87.08
600812,99.51
600814,63.35
600815,48.08
600816,367.2
600817,54.91
600818,51.62
600819,46.37
600820,191.16
600821,128.02
600822,61.45
600823,57.77
600824,39.95
600825,48.9
600826,62.59
600827,237.83
600828,71.7
600829,44.77
600830,30.53
600831,41.92
600833,27.66
600834,40.43
600835,158.63
600836,30.1
600837,1375.66
600838,27.1
600839,188.34
600841,86.18
600843,38.15
600844,28.77
600845,1199.37
600846,59.6
600847,18.53
600848,313.55
600850,153.87
600851,88.12
600853,42.73
600854,24.99
600855,57.5
600857,22.03
600858,31.83
600859,256.63
600860,74.24
600861,140.4
600862,331.55
600863,225.18
600864,130.04
600865,34.35
600866,90.55
600867,197.57
600868,52.58
600869,117.18
600871,406.26
600872,268.6
600873,265.5
600874,93.13
600875,555.72
600876,101.63
600877,158.44
600879,243.16
600880,56.2
600881,74.73
600882,112.16
600883,18.89
600884,332.8
600885,365.25
600886,958.61
600887,1750.73
600888,109.89
600889,18.43
600892,30.55
600893,1044.38
600894,64.24
600895,240.2
600897,59.96
600898,9.76
600900,5321.84
600901,190.16
600903,108.29
600905,1497.02
600906,287.51
600908,117.88
600909,259.31
600916,198.58
600917,109.21
600918,551.92
600919,1123.55
600925,405.07
600926,686.73
600927,262.58
600928,167.11
600929,123.68
600933,203.5
600935,130.83
600936,73.02
600938,8875.96
600939,69.23
600941,20949.35
600955,109.72
600956,362.6
600958,915.94
600959,169.52
600960,35.07
600961,93.98
600962,29.76
600963,121.53
600965,53.95
600966,84.89
600967,158.62
600968,310.04
600969,25.57
600970,348.26
600971,96.6
600973,68.16
600975,112.89
600976,100.38
600977,292.0
600979,41.4
600980,28.54
600981,69.07
600982,49.62
600983,61.01
600984,58.96
600985,295.99
600986,78.82
600987,83.33
600988,250.42
600989,1014.94
600990,62.65
600992,46.37
600993,108.28
600995,340.69
600996,137.67
600997,99.56
600998,267.48
600999,1305.35
601000,208.0
601001,149.29
601002,46.14
601003,110.2
601005,148.05
601006,1069.28
601007,35.92
601008,54.34
601009,867.84
601010,49.53
601011,70.11
601012,2230.45
601015,88.03
601016,230.51
601018,671.18
601019,184.9
601020,71.88
601021,597.99
601022,139.37
601028,82.92
601038,125.51
601058,353.43
601059,587.63
601061,427.77
601065,77.58
601066,2070.26
601068,156.24
601069,132.8
601077,436.11
601086,43.16
601088,5465.83
601089,76.22
601098,203.13
601099,325.82
601100,888.56
601101,85.54
601106,222.88
601107,128.74
601108,396.58
601111,1516.39
601113,39.42
601116,67.47
601117,500.37
601118,196.0
601121,60.32
601126,118.56
601127,593.15
601128,194.6
601133,76.23
601136,615.0
601137,111.42
601138,4271.29
601139,202.81
601155,348.27
601156,210.03
601158,259.68
601162,324.97
601163,124.96
601166,3344.66
601168,289.06
601169,949.32
601177,39.69
601179,267.57
601186,1370.18
601187,146.74
601188,43.29
601198,295.12
601199,57.89
601200,108.26
601208,116.55
601211,1372.2
601212,216.22
601216,366.21
601218,36.93
601222,153.48
601225,1573.5
601226,78.63
601228,249.72
601229,859.5
601231,321.84
601233,350.82
601236,423.1
601238,1165.94
601279,79.49
601288,12109.41
601298,402.45
601311,99.95
601318,8990.39
601319,2719.78
601326,180.47
601328,4114.15
601330,102.56
601333,229.51
601336,1336.73
601339,84.0
601360,803.14
601366,48.68
601368,47.06
601369,145.12
601375,217.75
601377,604.52
601388,65.16
601390,1908.39
601398,16430.33
601399,228.67
601456,311.5
601500,65.71
601512,144.04
601515,79.8
601518,46.51
601519,174.48
601528,110.86
601555,451.18
601566,59.19
601567,211.1
601568,210.92
601577,326.95
601579,55.95
601588,80.81
601595,105.28
601598,334.08
601599,42.13
601600,1053.72
601601,2746.61
601606,94.95
601607,713.99
601608,173.58
601609,96.64
601611,237.93
601615,393.05
601616,32.09
601618,804.08
601619,102.48
601628,10166.81
601633,2377.9
601636,229.17
601658,4878.73
601665,187.36
601666,179.43
601668,2456.48
601669,990.5
601677,142.66
601678,96.93
601686,107.51
601688,1542.85
601689,775.73
601696,325.86
601698,711.39
601699,480.42
601700,60.65
601702,145.19
601717,207.81
601718,129.99
601727,721.35
601728,5353.17
601766,1808.03
601777,181.03
601778,165.69
601788,840.55
601789,51.19
601798,24.89
601799,400.29
601800,1784.12
601801,153.77
601808,727.67
601811,168.42
601816,2637.02
601818,1796.2
601825,563.24
601827,123.35
601828,219.04
601838,524.03
601857,14257.33
601858,217.55
601860,103.24
601865,818.73
601866,335.33
601868,988.08
601869,247.61
601872,507.35
601877,574.04
601878,428.15
601880,383.79
601881,1344.33
601882,156.03
601886,100.38
601888,2492.98
601890,95.46
601898,1091.19
601899,3290.82
601900,163.14
601901,628.11
601908,128.22
601916,733.31
601918,110.36
601919,1571.75
601921,181.11
601928,261.62
601929,64.05
601933,310.37
601939,14825.65
601949,194.2
601952,169.36
601956,35.34
601958,384.93
601963,281.44
601965,220.94
601966,343.63
601968,75.12
601969,139.16
601975,166.45
601985,1357.71
601988,11127.86
601989,1014.69
601990,329.93
601991,545.95
601992,249.86
601995,1987.86
601996,28.98
601997,205.11
601998,2742.14
601999,40.11
603000,323.53
603001,23.3
603002,49.53
603003,35.74
603005,133.91
603006,27.82
603007,16.32
603008,92.59
603009,24.72
603010,64.68
603011,32.48
603012,38.05
603013,73.26
603015,35.13
603016,30.49
603017,29.6
603018,59.15
603019,594.8
603020,34.95
603021,17.05
603022,19.38
603023,23.66
603025,144.08
603026,118.37
603027,187.99
603028,33.18
603029,25.12
603030,17.17
603031,53.7
603032,63.64
603033,154.77
603035,77.18
603036,21.18
603037,21.39
603038,20.27
603039,184.72
603040,32.68
603041,21.5
603042,26.96
603043,145.09
603045,21.51
603048,24.22
603050,34.25
603051,35.58
603052,27.73
603053,91.47
603055,94.74
603056,174.58
603057,104.48
603058,37.04
603059,22.43
603060,86.75
603061,55.99
603063,125.61
603065,59.58
603066,31.15
603067,57.62
603068,41.28
603069,58.46
603070,68.57
603071,91.23
603073,22.16
603076,45.63
603077,219.02
603078,58.54
603079,21.93
603080,19.84
603081,63.45
603083,129.44
603085,39.83
603086,28.57
603087,239.27
603088,38.46
603089,19.11
603090,21.24
603093,84.19
603095,26.94
603096,31.82
603097,33.78
603098,117.35
603099,35.31
603100,131.34
603101,29.54
603102,30.33
603103,122.53
603105,74.45
603106,44.3
603108,87.82
603109,33.97
603110,57.75
603111,45.99
603112,50.1
603113,71.23
603115,33.01
603116,35.09
603117,21.27
603118,85.45
603119,78.15
603121,27.08
603122,38.93
603123,82.35
603125,60.27
603126,45.36
603127,205.39
603128,119.55
603129,226.99
603130,32.47
603131,40.45
603132,125.97
603133,15.06
603135,85.72
603136,44.15
603137,26.37
603138,57.56
603139,17.64
603150,22.83
603151,28.01
603153,71.56
603155,54.81
603156,323.21
603158,35.39
603159,19.43
603160,248.09
603161,19.8
603162,109.84
603163,37.3
603165,43.24
603166,40.97
603167,33.64
603168,33.23
603169,87.78
603170,77.28
603171,166.15
603172,23.26
603173,44.48
603176,30.52
603177,27.73
603178,26.34
603179,258.66
603180,46.59
603181,64.23
603182,26.44
603183,25.19
603185,279.95
603186,44.25
603187,68.67
603188,20.87
603189,37.63
603190,34.04
603191,60.77
603192,26.73
603195,906.14
603196,44.51
603197,117.53
603198,558.48
603199,35.12
603200,31.38
603201,24.19
603203,64.43
603206,51.37
603208,68.83
603209,60.37
603211,39.11
603212,79.25
603213,50.74
603214,22.96
603215,38.66
603216,29.97
603217,49.09
603218,174.14
603219,72.7
603220,54.32
603221,21.07
603222,51.47
603223,97.34
603225,191.03
603226,19.77
603227,91.09
603228,190.18
603229,84.1
603230,43.48
603232,32.83
603233,325.38
603235,130.55
603236,135.59
603237,41.35
603238,21.89
603239,38.12
603255,56.23
603256,66.63
603258,79.3
603259,2333.24
603260,798.34
603261,25.2
603266,26.51
603267,137.46
603268,26.99
603269,20.68
603272,17.25
603277,103.73
603278,34.78
603279,175.54
603280,25.58
603281,113.12
603282,38.73
603283,76.85
603286,15.31
603288,2465.01
603289,28.71
603290,351.2
603291,73.39
603296,532.33
603297,96.64
603298,231.74
603299,74.78
603300,116.55
603301,76.92
603303,61.57
603305,223.5
603306,88.57
603307,31.64
603308,104.93
603309,37.43
603311,25.62
603313,53.43
603315,34.29
603316,18.47
603317,158.56
603318,39.7
603319,33.85
603320,17.84
603321,22.81
603322,37.26
603323,81.14
603324,42.3
603326,24.89
603327,84.37
603328,75.68
603329,19.54
603330,36.99
603331,26.87
603332,18.04
603333,29.9
603335,25.26
603336,31.83
603337,97.21
603338,289.18
603339,43.72
603345,432.02
603348,123.34
603351,37.05
603353,35.88
603355,156.56
603356,17.43
603357,55.26
603358,74.94
603359,47.15
603360,38.28
603363,79.96
603365,38.72
603366,49.9
603367,63.23
603368,73.32
603369,736.52
603377,51.97
603378,44.77
603379,180.7
603380,36.09
603383,122.44
603385,30.42
603386,34.3
603387,61.26
603388,33.65
603389,14.4
603390,27.43
603392,812.92
603393,105.81
603396,67.83
603398,76.82
603399,58.24
603408,47.78
603416,52.57
603421,67.37
603429,53.65
603439,65.54
603444,320.27
603456,255.55
603458,31.29
603466,77.26
603477,146.01
603486,429.07
603488,21.58
603489,98.89
603496,57.38
603499,18.49
603500,29.59
603501,1191.88
603505,147.64
603506,24.67
603507,40.05
603508,60.01
603511,66.77
603515,144.21
603516,30.76
603517,229.64
603518,32.78
603519,36.89
603520,51.03
603527,29.09
603528,45.81
603529,291.59
603530,64.93
603533,99.54
603535,38.65
603536,21.11
603538,38.54
603551,45.91
603555,32.53
603556,119.97
603557,12.2
603558,30.08
603559,9.85
603565,231.43
603566,76.9
603567,128.58
603568,299.34
603569,70.38
603577,30.66
603578,25.88
603579,30.82
603580,18.49
603583,73.89
603585,26.68
603586,27.94
603587,70.27
603588,150.57
603589,358.98
603590,53.01
603595,80.47
603596,348.53
603598,26.28
603599,175.24
603600,31.46
603601,47.2
603602,24.75
603603,30.99
603605,431.74
603606,286.78
603607,25.44
603608,19.05
603609,85.69
603610,41.12
603611,60.36
603612,98.33
603613,289.29
603615,22.37
603616,23.07
603617,39.46
603618,41.05
603619,81.36
603626,36.62
603628,39.35
603629,57.18
603630,34.88
603633,38.31
603636,80.35
603637,20.47
603638,146.62
603639,60.29
603648,32.87
603650,176.67
603655,24.39
603656,22.52
603657,21.76
603658,294.95
603659,767.77
603660,31.48
603661,44.11
603662,77.18
603663,44.48
603665,45.73
603666,72.66
603667,48.22
603668,66.07
603669,36.35
603676,46.82
603677,24.98
603678,155.98
603679,23.64
603680,71.95
603681,25.59
603682,30.67
603683,27.45
603685,25.66
603686,41.4
603687,41.65
603688,339.38
603689,40.31
603690,104.27
603693,111.26
603696,22.27
603697,40.63
603698,78.95
603699,106.29
603700,27.84
603701,32.93
603703,42.2
603706,28.31
603707,215.98
603708,81.63
603709,15.23
603711,74.1
603712,209.44
603713,144.15
603716,29.37
603717,19.47
603718,62.73
603719,99.61
603721,21.93
603722,36.51
603725,18.3
603726,23.11
603727,36.57
603728,257.71
603729,14.16
603730,234.06
603733,147.05
603737,405.75
603738,57.19
603739,33.35
603755,31.02
603757,42.36
603758,42.52
603759,39.76
603766,108.02
603767,38.25
603768,31.09
603773,49.13
603776,34.01
603777,48.33
603778,38.64
603779,30.21
603786,329.46
603787,37.26
603788,27.24
603789,24.94
603790,25.66
603797,33.12
603798,26.1
603799,846.67
603800,65.02
603801,103.99
603803,33.33
603806,629.34
603808,44.22
603809,39.93
603810,21.36
603811,38.0
603813,15.47
603815,43.94
603816,341.0
603817,33.56
603818,32.19
603819,33.92
603822,25.4
603823,44.22
603825,32.2
603826,241.39
603828,22.53
603829,23.14
603833,590.94
603836,30.19
603838,20.1
603839,28.78
603843,27.22
603848,59.35
603855,80.85
603856,32.4
603858,208.27
603859,66.89
603860,18.24
603861,38.32
603863,43.55
603866,164.29
603867,67.17
603868,326.83
603869,52.47
603871,124.04
603876,152.8
603877,90.9
603878,45.61
603879,32.57
603880,12.99
603881,102.83
603882,295.38
603883,164.79
603885,395.42
603886,47.16
603887,36.2
603888,145.59
603889,57.6
603890,34.82
603893,299.24
603895,25.45
603896,80.99
603897,37.8
603898,31.88
603899,409.19
603900,22.73
603901,68.59
603903,23.03
603906,85.78
603908,27.91
603909,35.19
603912,49.52
603915,118.67
603916,56.2
603917,32.98
603918,90.1
603919,131.74
603920,90.1
603922,27.43
603926,22.24
603927,198.26
603928,23.97
603929,33.18
603931,54.24
603933,35.09
603936,73.76
603937,25.32
603938,79.2
603939,390.47
603948,40.24
603949,35.56
603950,42.88
603955,21.74
603956,38.54
603958,16.62
603959,50.35
603960,42.9
603963,26.52
603966,33.17
603967,32.24
603968,35.1
603969,39.35
603970,47.82
603976,30.62
603977,53.68
603978,28.98
603979,203.1
603980,31.08
603982,37.94
603983,113.6
603985,101.84
603986,680.58
603987,48.55
603988,23.43
603989,86.82
603990,47.2
603991,27.29
603992,55.46
603993,1285.15
603995,90.73
603997,169.71
603998,41.53
603999,35.48
605001,30.72
605003,20.86
605005,65.36
605006,45.31
605007,58.52
605008,96.04
605009,67.35
605011,118.59
605016,57.98
605018,49.46
605020,122.42
605028,30.22
605033,24.67
605050,54.56
605055,27.1
605056,51.0
605058,29.56
605060,64.9
605066,34.78
605068,35.92
605069,19.33
605077,58.14
605080,40.21
605081,15.38
605086,27.32
605088,27.65
605089,58.37
605090,140.41
605098,46.2
605099,92.9
605100,26.31
605108,85.83
605111,114.69
605116,92.77
605117,457.61
605118,58.82
605122,26.32
605123,115.84
605128,34.54
605133,55.84
605136,45.25
605138,48.78
605151,24.04
605155,19.96
605158,38.05
605162,38.44
605166,29.76
605167,43.11
605168,111.6
605169,30.04
605177,31.98
605178,20.67
605179,49.32
605180,21.19
605183,70.75
605186,53.94
605188,49.36
605189,23.48
605196,42.35
605198,67.64
605199,61.58
605208,29.73
605218,30.05
605222,77.06
605228,42.11
605255,20.11
605258,21.72
605259,30.2
605266,74.65
605268,45.54
605277,36.61
605286,44.16
605287,25.2
605288,27.99
605289,35.92
605296,121.54
605298,21.26
605299,48.93
605300,84.84
605303,18.61
605305,44.95
605318,20.15
605319,39.23
605333,60.71
605336,29.59
605337,68.51
605338,61.08
605339,87.01
605358,246.51
605365,74.85
605366,49.35
605368,67.06
605369,60.87
605376,88.89
605377,67.98
605378,29.67
605388,56.59
605389,34.95
605398,30.32
605399,49.38
605488,26.6
605499,727.02
605500,30.75
605507,116.4
605555,63.79
605566,29.31
605567,25.8
605577,48.53
605580,32.87
605588,28.49
605589,173.72
605598,75.29
605599,103.91
688001,137.51
688002,221.19
688003,77.9
688004,17.15
688005,244.62
688006,172.05
688007,96.18
688008,620.78
688009,622.68
688010,32.23
688011,22.35
688012,862.88
688013,17.59
688015,31.54
688016,114.26
688017,206.6
688018,91.5
688019,141.88
688020,36.58
688021,18.49
688022,56.5
688023,129.91
688025,75.61
688026,24.14
688027,106.85
688028,30.91
688029,140.12
688030,36.23
688031,114.68
688032,247.62
688033,100.75
688035,81.79
688036,1048.53
688037,207.27
688038,16.92
688039,34.9
688041,1284.66
688045,33.61
688046,80.32
688047,375.02
688048,121.92
688049,37.19
688050,182.08
688051,24.03
688052,204.93
688053,54.28
688055,134.33
688056,24.88
688057,40.79
688058,26.72
688059,58.09
688060,30.05
688061,49.62
688062,87.11
688063,277.52
688065,357.61
688066,167.51
688067,14.49
688068,37.49
688069,23.94
688070,34.42
688071,43.54
688072,428.89
688073,63.07
688075,52.07
688076,74.21
688077,28.56
688078,32.83
688079,39.69
688080,29.36
688081,16.4
688082,470.24
688083,167.31
688084,52.73
688085,53.79
688087,43.26
688088,147.3
688089,34.55
688090,19.79
688091,99.07
688092,16.91
688093,48.35
688095,90.43
688096,14.15
688097,115.68
688098,30.76
688099,359.16
688100,128.35
688101,44.37
688102,63.0
688103,60.09
688105,118.08
688106,118.07
688107,198.98
688108,33.95
688109,18.52
688110,141.87
688111,1884.56
688112,75.14
688113,27.52
688114,359.73
688115,21.25
688116,102.02
688117,39.24
688118,25.56
688119,61.99
688120,330.22
688121,55.21
688122,315.22
688123,85.95
688125,32.25
688126,567.37
688127,62.8
688128,86.24
688129,17.22
688130,28.33
688131,87.53
688132,35.71
688133,72.82
688135,38.8
688136,35.38
688137,40.85
688138,50.08
688139,140.6
688141,139.83
688143,35.58
688146,196.73
688147,222.59
688148,52.9
688150,71.15
688151,68.62
688152,100.79
688153,279.92
688155,35.87
688156,25.88
688157,55.02
688158,76.39
688159,35.47
688160,53.77
688161,155.2
688162,50.83
688163,21.03
688165,51.86
688166,84.07
688167,82.58
688168,26.6
688169,344.01
688170,39.59
688171,18.19
688172,254.81
688173,79.99
688175,30.44
688176,60.99
688177,108.78
688178,15.69
688179,39.94
688180,386.39
688181,35.85
688182,83.68
688183,88.09
688184,43.31
688185,222.31
688186,52.64
688187,593.83
688188,340.73
688189,26.45
688190,90.19
688191,26.34
688192,133.51
688193,17.55
688195,45.38
688196,57.7
688197,65.2
688198,168.07
688199,32.43
688200,204.52
688201,58.96
688202,115.96
688203,26.04
688205,55.17
688206,107.02
688207,53.92
688208,124.26
688209,66.82
688210,29.16
688211,53.17
688212,73.84
688213,184.2
688215,14.01
688216,24.71
688217,20.94
688218,19.96
688219,47.67
688220,321.34
688221,41.99
688222,60.38
688223,1198.0
688225,72.64
688226,26.94
688227,24.21
688228,29.17
688229,19.3
688230,47.89
688231,59.94
688232,157.74
688233,49.38
688234,266.85
688235,1653.62
688236,79.74
688237,41.81
688238,70.51
688239,84.47
688244,47.06
688246,45.82
688247,62.11
688248,187.03
688249,379.36
688251,16.56
688252,72.97
688253,28.8
688255,29.66
688256,658.22
688257,33.43
688258,55.43
688259,49.6
688260,19.38
688261,123.46
688262,110.85
688265,29.62
688266,112.1
688267,37.9
688268,76.05
688269,78.45
688270,79.03
688271,1098.85
688272,13.95
688273,33.44
688275,109.95
688276,230.61
688277,66.64
688278,137.5
688279,99.36
688280,47.51
688281,251.08
688282,37.1
688283,56.4
688285,32.85
688286,27.77
688287,39.27
688288,21.53
688289,103.33
688290,59.28
688291,31.43
688292,40.06
688293,59.17
688295,313.65
688296,18.86
688297,322.31
688298,81.71
688299,42.16
688300,78.57
688301,251.48
688302,44.62
688303,852.61
688305,79.63
688306,61.66
688307,26.88
688308,59.73
688309,17.52
688310,36.18
688311,60.01
688312,23.9
688313,60.33
688314,26.44
688315,92.05
688316,20.44
688317,47.7
688318,196.01
688319,67.58
688320,54.06
688321,85.42
688322,125.92
688323,42.86
688325,30.91
688326,170.76
688327,160.31
688328,18.29
688329,21.22
688330,45.53
688331,318.34
688332,80.05
688333,190.55
688334,54.2
688335,20.85
688336,115.09
688337,98.67
688338,34.9
688339,98.29
688343,196.14
688345,34.26
688347,871.77
688348,179.08
688349,384.2
688350,20.47
688351,75.44
688352,150.41
688353,55.76
688355,29.27
688356,64.81
688357,49.49
688358,44.43
688359,57.07
688360,23.29
688361,245.31
688362,123.24
688363,461.98
688365,53.53
688366,150.73
688367,14.89
688368,72.34
688369,58.41
688370,37.19
688371,64.85
688372,112.1
688373,43.83
688375,311.61
688376,41.68
688377,49.72
688378,64.45
688379,16.74
688380,105.18
688381,71.57
688382,76.53
688383,99.55
688385,435.2
688386,26.8
688387,242.05
688388,100.25
688389,86.75
688390,291.89
688391,50.99
688392,110.86
688393,21.99
688395,19.8
688396,711.66
688398,41.93
688399,31.27
688400,117.96
688401,58.46
688403,85.32
688408,90.73
688409,179.76
688410,62.38
688416,48.81
688418,30.94
688419,30.64
688420,27.98
688425,246.94
688426,33.77
688428,181.9
688429,102.56
688432,176.41
688433,132.66
688435,60.99
688439,181.92
688443,102.01
688448,20.1
688450,30.66
688455,24.56
688456,36.23
688458,65.86
688459,45.79
688466,20.22
688468,37.53
688469,391.82
688472,598.23
688475,240.75
688478,60.01
688479,41.58
688480,26.13
688484,164.24
688485,22.57
688486,62.41
688488,44.69
688489,67.53
688496,66.92
688498,157.38
688499,61.99
688500,13.51
688501,22.87
688502,103.7
688503,130.03
688505,99.61
688506,329.18
688507,72.04
688508,70.67
688509,36.04
688510,44.39
688511,24.15
688512,85.48
688513,56.51
688515,108.8
688516,264.75
688517,23.98
688518,82.64
688519,54.77
688520,241.77
688521,331.08
688522,88.25
688523,102.66
688525,274.72
688526,98.64
688528,17.02
688529,32.97
688531,98.65
688533,68.74
688535,65.92
688536,261.97
688538,365.82
688539,50.73
688543,73.85
688550,47.94
688551,47.24
688552,80.53
688553,60.96
688556,178.01
688557,24.85
688558,39.49
688559,88.05
688560,44.13
688561,348.41
688562,111.64
688563,263.79
688565,12.67
688566,48.74
688567,283.49
688568,174.57
688569,75.67
688570,116.04
688571,26.92
688575,93.29
688576,56.78
688577,22.17
688578,100.94
688579,53.48
688580,39.02
688581,56.83
688582,165.6
688585,31.74
688586,98.68
688588,59.6
688589,39.46
688590,54.16
688593,76.56
688595,44.25
688596,91.67
688597,21.77
688598,146.47
688599,791.39
688600,27.81
688601,56.73
688602,58.43
688603,50.35
688606,39.24
688607,16.39
688608,146.0
688609,43.75
688610,43.26
688611,28.81
688612,207.24
688613,30.92
688616,17.58
688617,202.79
688618,44.75
688619,24.15
688620,53.74
688621,68.73
688622,21.46
688623,51.81
688625,53.45
688626,63.44
688627,81.12
688628,49.68
688629,92.66
688630,96.24
688631,58.64
688633,30.75
688636,35.49
688638,27.84
688639,134.64
688646,44.06
688651,38.05
688655,19.59
688656,20.78
688658,74.66
688659,20.67
688660,73.33
688661,48.27
688662,34.93
688663,42.24
688665,54.73
688667,39.92
688668,70.15
688669,21.71
688670,38.93
688671,36.03
688676,145.19
688677,58.87
688678,36.75
688679,19.57
688680,78.67
688681,14.88
688682,38.19
688683,36.4
688685,20.86
688686,148.22
688687,33.72
688689,31.4
688690,146.22
688696,98.57
688697,73.21
688698,57.29
688699,49.71
688700,156.61
688701,11.8
688707,127.92
688711,82.67
688718,28.1
688722,35.52
688728,400.21
688733,60.63
688737,33.76
688739,137.51
688766,77.14
688767,30.89
688768,43.46
688772,244.79
688776,91.52
688777,424.16
688778,183.71
688779,207.97
688786,37.7
688787,47.54
688788,39.03
688789,107.85
688793,31.22
688798,165.56
688799,37.07
688800,75.41
688819,353.46
688981,3718.92
603275,
688548,
688573,
688591,
688592,
688693,
000001,2307.36
000002,1741.88
000004,23.43
000005,14.93
000006,78.7
000007,17.98
000008,64.92
000009,282.68
000010,27.53
000011,64.54
000012,183.93
000014,34.61
000016,110.04
000017,31.01
000019,88.75
000020,33.5
000021,274.35
000023,8.95
000025,72.12
000026,47.09
000027,315.41
000028,186.12
000029,130.1
000030,90.39
000031,185.17
000032,321.47
000034,189.19
000035,131.74
000036,63.07
000037,60.7
000039,400.66
000040,61.11
000042,54.85
000045,50.65
000046,83.14
000048,105.17
000049,100.74
000050,225.62
000055,52.41
000056,47.19
000058,81.14
000059,100.29
000060,204.82
000061,115.73
000062,120.28
000063,1709.99
000065,167.09
000066,387.1
000068,36.74
000069,386.3
000070,70.59
000078,88.58
000088,112.23
000089,148.27
000090,117.91
000096,44.46
000099,66.33
000100,732.38
000151,41.43
000153,31.42
000155,207.66
000156,162.32
000157,566.67
000158,109.67
000159,32.11
000166,1234.47
000301,818.47
000333,3875.28
000338,1073.37
000400,216.44
000401,212.66
000402,148.55
000403,141.25
000404,42.94
000407,32.39
000408,379.3
000409,56.26
000410,147.63
000411,66.16
000413,105.9
000415,168.84
000416,11.7
000417,43.52
000419,30.88
000420,85.08
000421,30.13
000422,128.64
000423,332.42
000425,760.96
000426,165.71
000428,45.65
000429,153.05
000430,31.86
000488,147.8
000498,105.21
000501,74.52
000503,110.4
000504,34.74
000505,57.72
000506,43.01
000507,50.86
000509,36.27
000510,34.11
000513,310.6
000514,41.94
000516,192.62
000517,102.84
000518,31.09
000519,237.29
000520,31.07
000521,63.65
000523,62.96
000524,72.65
000525,53.84
000526,32.47
000528,146.34
000529,39.35
000530,44.35
000531,57.05
000532,39.61
000533,27.56
000534,66.17
000536,52.0
000537,221.45
000538,977.49
000539,368.04
000541,74.77
000543,146.21
000544,75.34
000545,30.2
000546,51.79
000547,149.62
000548,25.76
000550,151.41
000551,39.55
000552,151.7
000553,193.61
000554,27.79
000555,117.15
000557,74.67
000558,39.19
000559,174.77
000560,72.55
000561,55.09
000563,168.25
000564,251.05
000565,25.71
000566,62.4
000567,179.42
000568,3425.02
000570,40.37
000571,20.03
000572,79.27
000573,27.19
000576,44.66
000581,169.94
000582,140.52
000584,36.3
000586,28.71
000589,79.73
000590,21.34
000591,249.02
000592,48.1
000593,25.71
000595,62.28
000596,1411.36
000597,79.6
000598,162.12
000599,34.22
000600,113.59
000601,47.76
000603,93.42
000605,22.57
000607,51.5
000608,23.32
000609,16.22
000610,41.1
000612,61.4
000615,25.94
000616,
000617,906.44
000619,23.33
000620,38.31
000622,17.86
000623,197.26
000625,1448.22
000626,38.17
000627,172.92
000628,54.92
000629,365.29
000630,331.59
000631,74.25
000632,20.76
000633,26.03
000635,26.74
000636,175.29
000637,17.73
000638,20.62
000639,49.98
000650,92.54
000651,2022.24
000652,65.96
000655,39.35
000656,124.42
000657,139.05
000659,39.86
000661,554.7
000663,35.05
000665,64.2
000666,69.99
000668,17.81
000669,13.13
000670,49.98
000671,
000672,94.42
000676,84.12
000677,24.1
000678,30.79
000679,20.03
000680,76.84
000681,117.35
000682,119.59
000683,248.81
000685,115.65
000686,197.3
000688,162.84
000690,142.74
000691,15.81
000692,13.75
000695,28.1
000697,42.85
000698,34.34
000700,65.36
000701,48.76
000702,20.66
000703,277.17
000705,30.87
000707,38.29
000708,787.86
000709,239.82
000710,38.55
000711,20.27
000712,133.5
000713,55.94
000715,30.35
000716,58.18
000717,72.47
000718,94.07
000719,121.35
000720,59.94
000721,80.58
000722,53.56
000723,352.61
000725,1512.17
000726,58.21
000727,101.92
000728,332.08
000729,304.12
000731,47.62
000733,457.96
000735,76.0
000736,106.05
000737,103.16
000738,294.73
000739,205.65
000750,219.41
000751,55.42
000752,20.84
000753,42.83
000755,72.93
000756,150.79
000757,21.68
000758,98.06
000759,33.64
000761,163.92
000762,154.53
000766,56.44
000767,98.15
000768,685.42
000776,1228.52
000777,51.37
000778,164.39
000779,42.38
000782,27.2
000783,364.98
000785,255.89
000786,448.4
000788,41.54
000789,66.58
000790,31.91
000791,90.11
000792,1040.94
000793,44.74
000795,74.37
000796,38.22
000797,55.45
000798,37.35
000799,323.21
000800,407.16
000801,67.1
000802,48.39
000803,31.03
000807,502.16
000809,32.41
000810,165.75
000811,123.29
000812,44.05
000813,76.94
000815,77.52
000816,46.06
000818,218.62
000819,59.09
000820,23.58
000821,113.43
000822,61.58
000823,48.92
000825,237.89
000826,46.61
000828,100.42
000829,87.65
000830,194.56
000831,306.92
000833,42.91
000836,33.96
000837,126.94
000838,46.33
000839,95.64
000848,93.68
000850,38.69
000851,60.56
000852,70.15
000856,19.75
000858,6690.34
000859,46.41
000860,198.27
000861,51.94
000862,50.28
000863,45.46
000868,52.61
000869,218.75
000875,144.53
000876,542.36
000877,728.59
000878,230.82
000880,33.99
000881,73.84
000882,52.01
000883,294.09
000885,78.33
000886,52.21
000887,167.19
000888,57.06
000889,17.7
000890,19.38
000892,39.14
000893,255.98
000895,868.94
000897,43.34
000898,280.12
000899,81.27
000900,63.75
000901,77.27
000902,148.06
000903,58.73
000905,56.67
000906,59.26
000908,27.8
000909,27.28
000910,43.13
000911,39.31
000912,72.13
000913,83.93
000915,80.52
000917,89.87
000919,40.99
000920,44.43
000921,319.83
000922,74.63
000923,92.95
000925,42.87
000926,48.42
000927,171.23
000928,124.86
000929,18.22
000930,137.8
000931,45.19
000932,390.34
000933,334.98
000935,136.05
000936,95.69
000937,224.73
000938,756.21
000948,78.48
000949,48.4
000950,105.42
000951,195.62
000952,26.94
000953,20.47
000955,25.14
000957,64.69
000958,240.64
000959,307.32
000960,248.85
000961,77.3
000962,55.37
000963,691.6
000965,49.83
000966,140.22
000967,155.16
000968,74.79
000969,97.9
000970,142.24
000971,22.23
000972,28.54
000973,43.82
000975,371.53
000976,33.19
000977,665.26
000978,38.53
000980,215.32
000981,162.96
000982,69.47
000983,478.58
000985,20.61
000987,371.77
000988,335.23
000989,97.15
000990,97.1
000993,47.49
000995,30.28
000996,15.39
000997,190.62
000998,207.82
000999,520.28
001201,52.54
001202,19.59
001203,167.69
001205,35.41
001206,27.57
001207,31.78
001208,50.4
001209,21.58
001210,23.78
001211,15.78
001212,29.44
001213,197.33
001215,58.0
001216,32.44
001217,38.86
001218,29.11
001219,27.66
001222,28.79
001223,51.86
001225,28.42
001226,22.09
001227,171.44
001228,39.88
001229,29.78
001230,27.18
001231,20.89
001234,39.84
001236,143.0
001238,24.95
001255,28.59
001256,25.6
001258,85.87
001259,21.16
001260,24.05
001266,26.96
001267,45.92
001268,23.15
001269,102.22
001270,136.6
001278,26.83
001282,33.74
001283,40.09
001286,370.5
001287,193.01
001288,27.38
001289,1634.48
001296,22.63
001298,31.6
001299,35.98
001300,30.72
001301,149.66
001308,170.46
001309,81.48
001311,91.68
001313,59.5
001314,53.45
001316,29.45
001317,28.96
001318,40.02
001319,27.86
001322,167.15
001323,144.4
001324,29.95
001328,59.69
001330,121.64
001331,32.66
001332,41.84
001333,32.15
001336,21.26
001337,134.36
001338,84.54
001339,64.26
001360,36.03
001366,26.05
001367,35.26
001368,28.19
001373,30.44
001380,39.27
001696,77.29
001872,402.6
001896,69.88
001914,167.53
001965,561.61
001979,1126.05
002001,503.51
002002,72.43
002003,102.37
002004,99.99
002005,24.36
002006,84.43
002007,404.83
002008,251.47
002009,47.58
002010,151.62
002011,133.14
002012,27.17
002014,52.67
002015,192.36
002016,57.69
002017,64.78
002019,161.59
002020,98.93
002021,14.44
002022,48.09
002023,69.47
002024,188.99
002025,262.97
002026,40.32
002027,1049.95
002028,394.11
002029,46.93
002030,141.75
002031,82.04
002032,400.21
002033,58.36
002034,67.6
002035,50.77
002036,111.16
002037,44.52
002038,98.01
002039,59.26
002040,33.94
002041,138.6
002042,53.57
002043,89.36
002044,266.56
002045,64.26
002046,59.21
002047,48.37
002048,107.3
002049,760.41
002050,1030.25
002051,143.29
002052,14.17
002053,101.83
002054,33.02
002055,54.71
002056,277.19
002057,71.65
002058,14.79
002059,65.91
002060,235.78
002061,109.94
002062,59.54
002063,128.02
002064,356.31
002065,219.9
002066,26.06
002067,41.55
002068,98.83
002069,32.5
002072,23.57
002073,64.08
002074,473.89
002075,90.48
002076,27.98
002077,86.88
002078,319.71
002079,98.64
002080,359.29
002081,124.8
002082,44.71
002083,38.33
002084,27.27
002085,131.92
002086,20.27
002087,18.95
002088,92.66
002089,16.5
002090,44.91
002091,125.65
002092,183.89
002093,76.47
002094,26.19
002095,52.82
002096,142.28
002097,68.39
002098,21.44
002099,128.36
002100,106.62
002101,95.36
002102,84.81
002103,32.16
002104,62.13
002105,22.33
002106,59.15
002107,34.52
002108,74.6
002109,46.43
002110,119.88
002111,48.21
002112,29.75
002114,23.09
002115,50.2
002116,51.99
002117,52.11
002119,46.23
002120,304.45
002121,102.64
002122,68.89
002123,121.61
002124,87.55
002125,73.27
002126,146.02
002127,93.78
002128,299.47
002129,1146.03
002130,85.3
002131,154.01
002132,49.61
002133,29.57
002134,24.39
002135,77.04
002136,24.25
002137,37.31
002138,219.48
002139,144.73
002140,64.3
002141,37.1
002142,1822.59
002144,19.37
002145,225.68
002146,114.36
002148,32.47
002149,74.94
002150,55.79
002151,172.28
002152,291.3
002153,371.44
002154,87.71
002155,145.81
002156,306.13
002157,105.91
002158,129.14
002159,28.19
002160,42.24
002161,38.76
002162,41.79
002163,85.09
002164,30.23
002165,30.66
002166,55.73
002167,54.86
002168,35.26
002169,59.48
002170,53.66
002171,94.75
002172,29.94
002173,41.99
002174,118.7
002175,37.92
002176,187.35
002177,39.81
002178,27.35
002179,902.72
002180,483.66
002181,56.66
002182,139.24
002183,133.49
002184,49.8
002185,293.53
002186,40.25
002187,48.93
002188,18.99
002189,40.59
002190,77.52
002191,98.11
002192,152.16
002193,17.09
002194,62.59
002195,172.89
002196,32.92
002197,62.67
002198,37.3
002199,19.72
002200,15.15
002201,62.17
002202,459.69
002203,237.35
002204,94.44
002205,19.79
002206,63.18
002207,18.29
002208,58.4
002209,17.87
002210,52.43
002211,16.65
002212,116.82
002213,33.13
002214,72.09
002215,66.67
002216,141.64
002217,96.92
002218,64.29
002219,129.18
002221,151.31
002222,105.68
002223,331.42
002224,35.97
002225,38.5
002226,136.15
002227,31.97
002228,40.01
002229,169.19
002230,1435.72
002231,22.55
002232,61.0
002233,103.49
002234,62.64
002235,39.47
002236,679.89
002237,134.2
002238,54.73
002239,85.95
002240,243.63
002241,591.73
002242,114.9
002243,106.9
002244,312.7
002245,121.43
002246,49.85
002247,18.46
002248,25.28
002249,128.94
002250,86.88
002251,44.92
002252,490.06
002253,30.48
002254,178.89
002255,47.59
002256,48.38
002258,110.38
002259,25.05
002261,195.98
002262,254.11
002263,50.15
002264,42.98
002265,135.12
002266,217.11
002267,86.19
002268,224.88
002269,47.24
002270,105.93
002271,726.07
002272,26.93
002273,151.3
002274,71.33
002275,91.01
002276,108.73
002277,47.12
002278,19.94
002279,61.04
002280,68.36
002281,232.7
002282,40.69
002283,74.06
002284,71.11
002285,60.8
002286,30.81
002287,125.66
002288,39.69
002289,14.74
002290,28.88
002291,107.3
002292,137.52
002293,90.29
002294,306.13
002295,17.42
002296,30.66
002297,44.24
002298,44.78
002299,256.69
002300,57.93
002301,51.28
002302,94.68
002303,51.61
002304,2091.7
002305,44.22
002306,35.47
002307,67.85
002308,43.95
002309,34.96
002310,63.65
002311,789.78
002312,157.61
002313,28.34
002314,103.17
002315,99.02
002316,21.39
002317,146.86
002318,167.29
002319,34.56
002320,137.75
002321,55.46
002322,35.53
002323,57.48
002324,143.42
002325,28.63
002326,132.77
002327,71.33
002328,46.69
002329,54.14
002330,38.53
002331,28.43
002332,116.23
002333,41.17
002334,83.51
002335,155.83
002336,70.18
002337,32.32
002338,77.5
002339,35.84
002340,348.19
002341,37.1
002342,39.46
002343,33.86
002344,63.62
002345,55.09
002346,52.46
002347,25.84
002348,35.43
002349,84.67
002350,36.72
002351,150.35
002352,2333.05
002353,275.22
002354,98.12
002355,35.99
002356,75.79
002357,21.85
002358,41.65
002360,29.85
002361,37.57
002362,58.84
002363,28.5
002364,42.83
002365,30.82
002366,130.89
002367,68.25
002368,263.0
002369,27.89
002370,24.31
002371,1476.31
002372,332.74
002373,199.89
002374,43.41
002375,63.92
002376,48.7
002377,28.5
002378,71.6
002379,53.52
002380,44.95
002381,30.25
002382,71.5
002383,50.34
002384,354.97
002385,281.38
002386,80.83
002387,107.76
002388,32.7
002389,207.47
002390,89.81
002391,45.67
002392,44.29
002393,43.46
002394,26.28
002395,28.08
002396,120.07
002397,26.13
002398,39.98
002399,172.85
002400,106.17
002401,79.89
002402,144.54
002403,29.12
002404,36.39
002405,265.12
002406,34.4
002407,192.5
002408,182.79
002409,320.49
002410,498.46
002412,33.31
002413,69.56
002414,331.41
002415,3289.97
002416,91.71
002418,36.71
002419,72.7
002420,23.62
002421,72.74
002422,380.71
002423,195.85
002424,114.59
002425,48.12
002426,78.47
002427,66.02
002428,88.04
002429,230.42
002430,323.92
002431,49.67
002432,173.1
002433,17.56
002434,117.48
002435,59.45
002436,213.9
002437,48.58
002438,57.35
002439,277.92
002440,80.65
002441,54.78
002442,24.69
002443,34.67
002444,258.78
002445,57.16
002446,73.27
002448,41.01
002449,52.26
002451,32.33
002452,43.11
002453,96.59
002454,47.52
002455,43.6
002456,178.53
002457,29.91
002458,126.89
002459,993.11
002460,1131.63
002461,198.09
002462,41.33
002463,405.21
002465,234.36
002466,1046.61
002467,64.29
002468,169.31
002469,38.22
002470,73.28
002471,35.5
002472,269.86
002474,48.97
002475,2360.78
002476,28.7
002478,60.61
002479,39.88
002480,37.38
002481,59.34
002482,34.9
002483,47.34
002484,150.65
002485,24.04
002486,24.63
002487,184.18
002488,70.63
002489,82.46
002490,36.14
002491,73.55
002492,23.69
002493,1259.62
002494,18.04
002495,25.82
002496,34.67
002497,201.12
002498,130.41
002500,233.34
002501,57.16
002502,23.28
002504,
002505,124.3
002506,174.92
002507,209.21
002508,256.71
002510,36.44
002511,142.53
002512,46.8
002513,23.6
002514,63.8
002515,49.89
002516,67.51
002517,317.71
002518,187.95
002519,61.62
002520,44.65
002521,32.9
002522,45.02
002523,39.95
002524,34.74
002526,46.71
002527,80.24
002528,96.61
002529,34.45
002530,67.71
002531,244.78
002532,310.75
002533,55.41
002534,105.71
002535,37.44
002536,63.44
002537,79.83
002538,57.27
002539,108.94
002540,71.01
002541,205.62
002542,51.1
002543,58.6
002544,157.36
002545,91.19
002546,43.54
002547,49.18
002548,54.49
002549,79.7
002550,68.34
002551,35.31
002552,77.97
002553,46.63
002554,49.97
002555,580.86
002556,73.55
002557,202.45
002558,275.88
002559,43.3
002560,42.45
002561,40.95
002562,45.49
002563,165.96
002564,29.2
002565,34.56
002566,28.03
002567,92.55
002568,359.52
002569,8.05
002570,46.66
002571,23.83
002572,162.4
002573,78.32
002574,34.74
002575,35.51
002576,27.77
002577,39.43
002578,35.1
002579,54.71
002580,40.49
002581,117.17
002582,38.52
002583,108.06
002584,34.94
002585,118.29
002586,31.47
002587,41.76
002588,70.45
002589,55.82
002590,51.99
002591,18.94
002592,13.71
002593,29.42
002594,7547.14
002595,256.64
002596,34.54
002597,129.35
002598,32.82
002599,38.17
002600,419.79
002601,418.69
002602,412.13
002603,407.15
002605,137.64
002606,37.21
002607,270.13
002608,262.2
002609,67.72
002610,113.33
002611,64.9
002612,98.62
002613,41.99
002614,50.06
002615,31.74
002616,42.66
002617,135.96
002620,20.27
002621,31.0
002622,27.3
002623,52.91
002624,279.16
002625,310.48
002626,116.01
002627,40.01
002628,25.67
002629,17.55
002630,31.65
002631,36.49
002632,41.66
002633,15.0
002634,36.02
002635,87.69
002636,67.85
002637,49.91
002638,44.12
002639,62.5
002640,56.56
002641,72.02
002642,45.91
002643,165.66
002644,56.99
002645,58.62
002646,68.43
002647,34.49
002648,510.03
002649,79.11
002650,47.0
002651,75.75
002652,15.77
002653,226.95
002654,82.59
002655,44.14
002656,14.89
002657,56.92
002658,52.8
002659,27.1
002660,31.03
002661,35.64
002662,49.35
002663,36.46
002664,52.72
002665,78.87
002666,36.58
002667,34.08
002668,82.61
002669,42.05
002670,195.06
002671,26.64
002672,66.65
002673,324.49
002674,34.94
002675,112.64
002676,28.8
002677,68.87
002678,80.18
002679,30.39
002681,86.84
002682,23.39
002683,181.0
002685,36.48
002686,35.73
002687,23.8
002688,36.84
002689,44.03
002690,209.74
002691,20.47
002692,26.72
002693,29.34
002694,48.85
002695,57.74
002696,22.03
002697,75.48
002698,192.75
002699,15.19
002700,18.54
002701,116.57
002702,26.83
002703,122.55
002705,142.45
002706,127.14
002707,86.38
002708,31.69
002709,705.06
002712,32.82
002713,35.45
002714,2304.19
002715,18.89
002716,65.87
002717,53.91
002718,20.73
002719,23.11
002721,32.73
002722,27.56
002723,36.54
002724,58.33
002725,23.58
002726,85.15
002727,149.78
002728,53.73
002729,35.66
002730,31.39
002731,33.48
002732,36.54
002733,60.24
002734,32.56
002735,39.67
002736,943.94
002737,133.68
002738,303.75
002739,303.8
002740,12.17
002741,62.3
002742,17.15
002743,24.77
002745,132.54
002746,71.68
002747,190.69
002748,21.67
002749,44.66
002750,41.09
002752,46.21
002753,26.82
002755,74.72
002756,280.33
002757,40.15
002758,62.7
002759,53.52
002760,24.97
002761,166.31
002762,35.33
002763,32.96
002765,45.62
002766,46.54
002767,20.4
002768,62.14
002769,30.54
002771,34.09
002772,37.17
002773,142.52
002774,25.15
002775,25.92
002776,10.22
002777,122.27
002778,17.89
002779,29.42
002780,20.42
002782,62.86
002783,32.47
002785,46.67
002786,34.2
002787,29.61
002788,36.83
002789,24.37
002790,43.17
002791,194.24
002792,57.94
002793,59.16
002795,37.18
002796,26.2
002797,270.63
002798,26.68
002799,35.52
002800,15.96
002801,56.12
002802,20.42
002803,68.08
002805,50.13
002806,21.69
002807,85.58
002808,16.58
002809,22.39
002810,61.74
002811,23.56
002812,939.81
002813,44.0
002815,124.57
002816,9.95
002817,26.32
002818,105.61
002819,80.8
002820,21.97
002821,477.85
002822,30.9
002823,28.83
002824,54.76
002825,28.06
002826,20.1
002827,30.5
002828,17.41
002829,63.52
002830,17.4
002831,222.39
002832,197.92
002833,76.79
002835,36.83
002836,18.32
002837,162.83
002838,65.47
002839,100.89
002840,95.98
002841,412.4
002842,23.67
002843,38.98
002845,47.4
002846,41.56
002847,157.66
002848,15.88
002849,34.04
002850,297.72
002851,156.5
002852,40.62
002853,34.75
002855,23.9
002856,14.06
002857,24.56
002858,29.83
002859,119.54
002860,39.63
002861,17.75
002862,21.18
002863,29.03
002864,34.42
002865,232.72
002866,68.33
002867,175.57
002868,46.87
002869,31.22
002870,40.71
002871,25.14
002872,16.38
002873,27.65
002875,26.66
002876,54.04
002877,33.76
002878,35.66
002879,27.65
002880,78.47
002881,72.81
002882,59.31
002883,17.98
002884,56.76
002885,47.6
002886,39.42
002887,28.49
002888,20.27
002889,35.64
002890,18.09
002891,73.29
002892,51.61
002893,25.07
002895,100.41
002896,51.61
002897,62.3
002898,20.86
002899,17.89
002900,42.7
002901,130.91
002902,47.19
002903,30.14
002905,48.09
002906,151.83
002907,75.67
002908,56.52
002909,28.78
002910,22.49
002911,121.05
002912,63.06
002913,103.27
002915,49.95
002916,379.89
002917,34.73
002918,76.19
002919,78.45
002920,837.79
002921,18.77
002922,42.58
002923,44.64
002925,140.54
002926,249.38
002927,26.87
002928,117.09
002929,88.52
002930,99.26
002931,20.62
002932,57.36
002933,31.64
002935,64.59
002936,206.39
002937,72.54
002938,533.7
002939,367.54
002940,37.54
002941,105.21
002942,27.24
002943,47.75
002945,429.84
002946,128.57
002947,44.1
002948,199.64
002949,29.13
002950,65.86
002951,30.29
002952,25.83
002953,40.29
002955,46.11
002956,32.78
002957,64.26
002958,163.89
002959,100.02
002960,129.68
002961,76.23
002962,36.39
002963,21.92
002965,75.76
002966,258.87
002967,91.75
002968,32.66
002969,38.67
002970,52.21
002971,39.97
002972,28.27
002973,49.16
002975,48.95
002976,36.61
002977,37.99
002978,130.57
002979,59.1
002980,42.01
002981,23.14
002982,35.58
002983,43.03
002984,221.6
002985,127.4
002986,56.79
002987,93.24
002988,41.6
002989,26.93
002990,82.52
002991,71.05
002992,118.63
002993,92.5
002995,52.05
002996,51.01
002997,70.15
002998,25.26
002999,26.0
003000,50.57
003001,20.92
003002,31.84
003003,19.08
003004,21.39
003005,49.06
003006,65.61
003007,26.92
003008,21.55
003009,72.44
003010,24.12
003011,25.56
003012,126.68
003013,74.8
003015,26.45
003016,40.83
003017,19.45
003018,24.8
003019,30.34
003020,43.7
003021,115.54
003022,297.97
003023,23.04
003025,32.87
003026,37.97
003027,25.42
003028,42.71
003029,44.96
003030,29.81
003031,227.3
003032,54.65
003033,25.43
003035,233.33
003036,28.62
003037,63.79
003038,53.06
003039,103.5
003040,83.37
003041,22.52
003042,28.33
003043,39.34
003816,1535.16
300001,202.73
300002,194.54
300003,359.76
300004,26.54
300005,68.58
300006,38.01
300007,52.89
300008,84.16
300009,162.47
300010,19.54
300011,37.82
300012,328.15
300013,18.18
300014,1176.29
300015,1732.29
300016,33.85
300017,161.11
300018,30.24
300019,64.1
300020,69.77
300021,43.25
300022,24.39
300024,197.19
300025,67.92
300026,153.21
300027,82.13
300029,14.0
300030,23.03
300031,84.04
300032,51.4
300033,972.46
300034,183.47
300035,90.41
300036,112.65
300037,363.01
300039,76.67
300040,34.26
300041,60.42
300042,63.15
300043,43.67
300044,32.46
300045,66.73
300046,38.33
300047,48.34
300048,60.3
300049,60.98
300050,22.88
300051,49.0
300052,47.03
300053,77.7
300054,217.2
300055,61.84
300056,26.06
300057,65.06
300058,210.2
300059,2556.15
300061,43.16
300062,36.02
300063,31.74
300065,75.35
300066,52.52
300067,31.93
300068,146.35
300069,15.85
300070,196.43
300071,38.21
300072,82.01
300073,242.06
300074,22.52
300075,120.24
300076,21.16
300077,78.52
300078,39.47
300079,81.17
300080,112.72
300081,51.11
300082,52.03
300083,109.77
300084,24.24
300085,96.32
300086,28.17
300087,105.82
300088,146.31
300091,44.08
300092,38.08
300093,37.2
300094,56.86
300095,37.18
300096,27.39
300097,20.05
300098,62.04
300099,47.7
300100,32.98
300101,116.35
300102,58.4
300103,19.37
300105,32.36
300106,18.24
300107,27.53
300108,16.58
300109,67.05
300110,48.71
300111,40.03
300112,28.57
300113,102.55
300114,280.67
300115,123.23
300116,73.02
300117,22.51
300118,237.12
300119,84.76
300120,40.95
300121,37.36
300122,1074.0
300123,67.51
300124,1797.35
300125,43.75
300126,19.0
300127,63.34
300128,49.45
300129,80.59
300130,130.55
300131,58.13
300132,27.17
300133,122.43
300134,70.99
300135,26.91
300136,175.81
300137,31.25
300138,84.44
300139,25.56
300140,232.47
300141,23.51
300142,434.47
300143,67.36
300144,336.51
300145,54.78
300146,343.2
300147,36.04
300148,37.01
300149,44.88
300150,25.74
300151,81.26
300152,20.74
300153,25.02
300154,31.64
300155,30.7
300157,24.35
300158,60.42
300159,48.44
300160,45.84
300161,86.93
300162,23.8
300163,15.74
300164,28.25
300165,30.47
300166,114.2
300167,10.1
300168,145.91
300169,26.21
300170,97.02
300171,161.35
300172,31.94
300173,31.01
300174,64.54
300175,20.81
300176,24.9
300177,48.74
300179,45.29
300180,65.51
300181,70.77
300182,144.77
300183,68.33
300184,55.39
300185,100.54
300187,37.7
300188,148.69
300189,40.14
300190,31.97
300191,58.69
300192,35.68
300193,39.55
300194,47.11
300195,25.23
300196,56.28
300197,73.24
300198,29.19
300199,100.07
300200,34.56
300201,38.93
300203,78.06
300204,49.87
300205,57.11
300206,74.34
300207,292.76
300208,61.38
300209,12.03
300210,15.93
300211,27.21
300212,201.54
300213,35.8
300214,28.99
300215,39.05
300217,83.46
300218,20.14
300219,49.84
300220,10.58
300221,25.67
300222,56.96
300223,380.58
300224,99.57
300225,44.96
300226,92.17
300227,36.78
300228,33.26
300229,162.88
300230,29.47
300231,40.93
300232,84.46
300233,78.88
300234,28.42
300235,27.42
300236,110.25
300237,30.28
300238,38.95
300239,37.81
300240,23.32
300241,33.22
300242,24.18
300243,21.9
300244,142.74
300245,33.82
300246,32.27
300247,27.66
300248,45.78
300249,40.22
300250,32.71
300251,255.81
300252,56.75
300253,156.36
300254,19.04
300255,49.74
300256,73.95
300257,135.13
300258,63.45
300259,43.28
300260,113.94
300261,88.72
300262,19.56
300263,69.45
300264,26.02
300265,41.15
300266,47.7
300267,67.86
300268,29.47
300269,18.67
300270,23.65
300271,79.41
300272,31.74
300274,1657.58
300275,43.22
300276,51.28
300277,26.6
300278,57.14
300279,25.37
300280,54.86
300281,21.99
300282,11.08
300283,26.14
300284,78.04
300285,302.85
300286,66.0
300287,60.14
300288,56.74
300289,32.15
300290,30.49
300291,59.72
300292,48.97
300293,33.67
300294,160.2
300295,27.29
300296,160.36
300298,137.06
300299,47.0
300300,29.21
300301,13.27
300302,62.86
300303,67.92
300304,47.45
300305,29.83
300306,30.28
300307,54.4
300308,979.29
300310,36.59
300311,41.5
300313,19.03
300314,47.23
300315,153.32
300316,781.96
300317,43.94
300318,45.5
300319,70.82
300320,44.67
300321,14.56
300322,34.84
300323,108.97
300324,53.04
300326,47.61
300327,93.78
300328,43.22
300329,17.53
300331,55.65
300332,94.6
300333,24.43
300334,22.53
300335,24.57
300337,52.6
300338,21.42
300339,177.6
300340,26.12
300341,52.15
300342,45.56
300343,96.97
300344,36.32
300345,60.82
300346,163.17
300347,601.79
300348,78.92
300349,55.65
300350,27.56
300351,53.31
300352,71.04
300353,59.02
300354,55.62
300355,55.51
300357,182.1
300358,78.34
300359,38.32
300360,79.73
300363,158.37
300364,109.42
300365,41.63
300366,69.87
300368,43.19
300369,97.58
300370,45.55
300371,27.97
300373,220.8
300374,34.4
300375,32.03
300376,149.01
300377,67.6
300378,72.44
300379,110.0
300380,39.89
300381,35.38
300382,71.38
300383,183.35
300384,53.05
300385,21.09
300386,46.24
300387,20.47
300388,46.76
300389,54.88
300390,254.44
300391,25.61
300393,132.06
300394,373.28
300395,224.62
300396,63.55
300397,56.47
300398,88.13
300399,30.69
300400,35.57
300401,65.68
300402,47.09
300403,46.49
300404,35.19
300405,16.28
300406,110.27
300407,26.25
300408,618.65
300409,72.65
300410,30.59
300411,25.9
300412,27.63
300413,615.65
300414,33.03
300415,85.76
300416,91.18
300417,15.1
300418,444.41
300419,24.79
300420,33.83
300421,28.17
300422,31.71
300423,49.4
300424,31.57
300425,33.18
300426,48.47
300427,27.89
300428,147.34
300429,46.79
300430,38.46
300432,128.46
300433,599.3
300434,55.6
300435,53.97
300436,43.27
300437,38.13
300438,198.38
300439,44.01
300440,30.46
300441,37.13
300442,478.69
300443,101.35
300444,51.03
300445,31.12
300446,85.57
300447,51.41
300448,43.77
300449,19.51
300450,495.22
300451,104.41
300452,35.19
300453,37.09
300454,473.58
300455,78.45
300456,149.05
300457,158.62
300458,160.06
300459,202.86
300460,29.4
300461,27.01
300462,20.22
300463,91.87
300464,22.84
300465,48.61
300466,32.61
300467,30.99
300468,56.41
300469,48.63
300470,87.31
300471,55.58
300472,25.71
300473,24.6
300474,342.03
300475,143.81
300476,184.18
300477,48.99
300478,12.98
300479,37.95
300480,73.2
300481,53.35
300482,117.4
300483,40.28
300484,25.68
300485,52.41
300486,34.42
300487,322.45
300488,35.79
300489,28.2
300490,56.38
300491,43.13
300492,82.93
300493,40.67
300494,79.17
300495,14.56
300496,392.01
300497,70.46
300498,1152.38
300499,42.71
300500,31.98
300501,29.71
300502,359.57
300503,50.26
300504,46.85
300505,48.4
300506,44.94
300507,47.02
300508,32.03
300509,20.01
300510,57.51
300511,37.01
300512,32.71
300513,41.19
300514,24.34
300515,26.75
300516,53.23
300517,26.53
300518,40.36
300519,25.46
300520,50.79
300521,19.01
300522,35.3
300523,51.48
300525,123.7
300527,79.27
300528,50.3
300529,185.74
300530,35.99
300531,45.23
300532,55.97
300533,75.7
300534,30.67
300535,15.31
300536,46.75
300537,27.22
300538,26.18
300539,26.05
300540,40.56
300541,42.38
300542,44.79
300543,24.05
300545,40.7
300546,34.41
300547,31.99
300548,80.37
300549,29.03
300550,38.65
300551,88.34
300552,41.16
300553,40.37
300554,20.91
300555,13.1
300556,26.52
300557,25.74
300558,190.57
300559,61.25
300560,37.15
300561,40.23
300562,21.36
300563,24.2
300564,20.55
300565,33.61
300566,42.94
300567,251.36
300568,208.66
300569,77.83
300570,89.61
300571,44.91
300572,38.06
300573,150.37
300575,50.52
300576,85.44
300577,36.62
300578,39.15
300579,83.24
300580,77.11
300581,53.36
300582,37.4
300583,36.43
300584,29.76
300585,31.11
300586,78.45
300587,77.32
300588,22.33
300589,52.04
300590,49.49
300591,25.35
300592,73.31
300593,100.59
300594,21.43
300595,258.78
300596,91.82
300597,23.99
300598,87.1
300599,28.97
300600,31.48
300601,318.1
300602,96.88
300603,54.75
300604,235.66
300605,24.83
300606,27.14
300607,54.67
300608,32.29
300609,28.83
300610,23.63
300611,21.17
300612,32.25
300613,121.21
300614,37.69
300615,28.89
300616,39.26
300617,64.17
300618,103.81
300619,59.64
300620,113.01
300621,21.74
300622,36.61
300623,131.96
300624,128.61
300625,32.74
300626,16.43
300627,168.44
300628,454.04
300629,42.82
300630,94.03
300631,40.53
300632,34.85
300633,182.98
300634,100.41
300635,18.74
300636,48.07
300637,16.67
300638,159.16
300639,63.75
300640,18.37
300641,25.75
300642,32.46
300643,28.29
300644,17.78
300645,38.39
300647,32.65
300648,40.4
300649,26.31
300650,27.24
300651,29.29
300652,22.75
300653,56.95
300654,40.75
300655,103.14
300656,44.19
300657,78.88
300658,21.5
300659,53.22
300660,92.89
300661,410.37
300662,69.69
300663,66.88
300664,45.73
300665,15.84
300666,160.48
300667,33.25
300668,22.56
300669,26.29
300670,23.61
300671,81.28
300672,161.89
300673,34.52
300674,126.86
300675,26.49
300676,243.8
300677,143.38
300678,109.69
300679,153.22
300680,42.35
300681,47.75
300682,232.76
300683,49.48
300684,51.0
300685,97.11
300686,27.09
300687,96.0
300688,48.07
300689,24.14
300690,24.32
300691,47.77
300692,29.2
300693,104.71
300694,21.88
300695,33.2
300696,65.87
300697,35.88
300698,32.11
300699,229.54
300700,52.68
300701,25.46
300702,79.55
300703,17.56
300705,70.47
300706,41.55
300707,22.72
300708,59.03
300709,42.54
300710,24.37
300711,33.29
300712,62.23
300713,28.9
300715,55.23
300716,20.42
300717,16.34
300718,56.67
300719,30.75
300720,24.03
300721,25.7
300722,57.08
300723,92.1
300724,327.66
300725,103.11
300726,159.13
300727,29.97
300729,47.54
300730,33.19
300731,23.23
300732,32.3
300733,35.63
300735,77.48
300736,16.19
300737,107.72
300738,91.64
300739,40.33
300740,78.36
300741,138.7
300742,7.45
300743,19.99
300745,63.79
300746,24.47
300747,152.59
300748,237.76
300749,17.56
300750,10617.05
300751,561.17
300752,34.46
300753,21.43
300755,100.16
300756,28.46
300757,74.84
300758,38.77
300759,527.09
300760,3228.73
300761,149.56
300762,92.35
300763,355.95
300765,144.24
300766,61.78
300767,57.78
300768,106.3
300769,323.64
300770,93.65
300771,29.18
300772,88.39
300773,156.24
300774,46.15
300775,165.95
300776,159.26
300777,178.6
300778,36.79
300779,68.82
300780,22.46
300781,24.19
300782,653.32
300783,79.68
300785,47.25
300786,29.39
300787,40.78
300788,54.76
300789,21.75
300790,46.83
300791,51.86
300792,63.34
300793,60.84
300795,55.1
300796,39.44
300797,42.95
300798,27.49
300799,283.43
300800,31.37
300801,35.45
300802,51.83
300803,302.16
300804,28.61
300805,33.73
300806,84.92
300807,19.43
300808,20.54
300809,51.34
300810,23.52
300811,93.47
300812,29.26
300813,30.03
300814,45.71
300815,57.12
300816,20.34
300817,26.02
300818,29.82
300819,19.77
300820,146.42
300821,121.8
300822,29.21
300823,17.88
300824,32.34
300825,77.8
300826,21.05
300827,119.99
300828,23.84
300829,37.61
300830,37.42
300831,38.11
300832,433.25
300833,91.46
300834,46.61
300835,34.47
300836,16.59
300837,35.91
300838,22.96
300839,28.38
300840,31.34
300841,83.46
300842,65.07
300843,27.44
300844,31.54
300845,21.78
300846,60.87
300847,51.77
300848,63.15
300849,17.16
300850,107.52
300851,22.51
300852,38.28
300853,40.97
300854,17.11
300855,133.62
300856,123.86
300857,59.88
300858,48.35
300859,38.69
300860,81.86
300861,214.9
300862,36.86
300863,46.27
300864,34.67
300865,19.82
300866,315.39
300867,45.84
300868,24.55
300869,94.1
300870,48.04
300871,27.12
300872,62.36
300873,44.69
300875,35.3
300876,26.32
300877,20.9
300878,33.81
300879,27.97
300880,42.72
300881,35.07
300882,46.98
300883,22.07
300884,28.07
300885,22.72
300886,17.74
300887,118.83
300888,248.34
300889,22.93
300890,41.82
300891,37.24
300892,27.22
300893,50.42
300894,93.04
300895,45.03
300896,958.47
300897,21.66
300898,36.72
300899,15.86
300900,55.37
300901,24.72
300902,43.68
300903,40.06
300904,60.77
300905,30.69
300906,18.78
300907,19.78
300908,43.2
300909,38.74
300910,146.82
300911,39.63
300912,21.5
300913,86.1
300915,35.85
300916,40.7
300917,55.94
300918,48.46
300919,407.81
300920,17.06
300921,31.94
300922,26.92
300923,18.38
300925,52.96
300926,66.11
300927,23.49
300928,35.22
300929,15.45
300930,24.04
300931,17.94
300932,25.7
300933,36.96
300935,23.42
300936,25.01
300937,32.77
300938,44.72
300939,40.8
300940,33.56
300941,45.11
300942,52.35
300943,31.67
300945,38.11
300946,41.14
300947,24.65
300948,20.16
300949,23.4
300950,28.68
300951,57.67
300952,28.52
300953,71.33
300955,21.46
300956,21.57
300957,412.54
300958,26.42
300959,29.5
300960,21.83
300961,19.32
300962,44.01
300963,29.98
300964,32.39
300965,27.63
300966,27.22
300967,29.35
300968,33.15
300969,59.26
300970,26.11
300971,19.65
300972,63.01
300973,111.05
300975,47.77
300976,43.76
300977,30.35
300978,51.49
300979,609.17
300980,20.26
300981,58.42
300982,91.26
300983,42.05
300984,18.59
300985,38.67
300986,44.52
300987,30.6
300988,27.29
300989,35.84
300990,72.03
300991,22.15
300992,17.71
300993,36.58
300994,34.5
300995,19.08
300996,56.4
300997,62.24
300998,41.56
300999,2233.7
301000,29.07
301001,20.47
301002,24.11
301003,22.84
301004,37.57
301005,27.87
301006,27.55
301007,25.13
301008,22.99
301009,33.0
301010,21.06
301011,32.1
301012,31.36
301013,31.53
301015,118.15
301016,26.94
301017,78.84
301018,75.05
301019,24.68
301020,29.6
301021,37.39
301022,24.96
301023,22.76
301024,19.8
301025,48.2
301026,38.58
301027,18.88
301028,37.97
301029,212.17
301030,78.57
301031,85.83
301032,20.93
301033,26.03
301035,227.23
301036,18.65
301037,18.45
301038,34.65
301039,261.08
301040,19.23
301041,28.38
301042,22.27
301043,19.95
301045,24.57
301046,43.59
301047,115.91
301048,59.31
301049,21.73
301050,103.53
301051,69.36
301052,33.12
301053,19.77
301055,22.92
301056,25.13
301057,19.87
301058,69.72
301059,30.03
301060,64.08
301061,48.63
301062,40.4
301063,26.29
301065,25.02
301066,28.87
301067,22.56
301068,29.04
301069,96.71
301070,26.53
301071,97.86
301072,25.54
301073,69.44
301075,25.92
301076,31.33
301077,25.42
301078,116.32
301079,19.19
301080,80.7
301081,20.77
301082,26.07
301083,30.17
301085,47.45
301086,39.94
301087,85.23
301088,40.29
301089,82.86
301090,156.22
301091,55.66
301092,37.51
301093,43.33
301095,134.52
301096,67.47
301097,28.4
301098,19.47
301099,39.86
301100,40.38
301101,77.32
301102,71.89
301103,59.59
301105,18.81
301106,28.69
301107,21.92
301108,28.63
301109,66.22
301110,31.07
301111,33.65
301112,33.76
301113,20.09
301115,42.43
301116,72.73
301117,48.33
301118,27.98
301119,27.78
301120,48.66
301121,29.85
301122,42.92
301123,54.62
301125,18.84
301126,30.34
301127,41.96
301128,23.1
301129,51.95
301130,27.94
301131,18.04
301132,41.01
301133,26.8
301135,23.84
301136,39.9
301137,27.31
301138,37.9
301139,32.04
301141,64.04
301148,27.8
301149,45.88
301150,57.53
301151,29.11
301152,60.82
301153,132.06
301155,140.43
301156,18.82
301157,31.49
301158,26.33
301159,30.78
301160,25.98
301161,28.79
301162,68.08
301163,23.11
301165,269.37
301166,38.29
301167,20.37
301168,63.2
301169,30.13
301170,38.55
301171,91.97
301172,57.6
301175,86.84
301176,28.07
301177,143.68
301178,20.45
301179,67.79
301180,65.68
301181,33.68
301182,21.44
301183,39.11
301185,40.06
301186,27.1
301187,30.46
301188,33.05
301189,33.37
301190,45.05
301191,58.61
301192,25.44
301193,33.31
301195,56.26
301196,41.8
301197,25.39
301198,23.93
301199,34.84
301200,162.41
301201,44.67
301202,49.21
301203,32.67
301205,140.27
301206,60.6
301207,195.66
301208,42.89
301209,20.17
301210,41.24
301211,74.02
301212,37.29
301213,35.83
301215,80.14
301216,80.72
301217,108.85
301218,41.72
301219,111.64
301220,28.6
301221,51.64
301222,28.38
301223,38.1
301225,39.13
301226,25.4
301227,30.36
301228,18.64
301229,25.55
301230,54.92
301231,27.72
301232,32.01
301233,20.32
301234,27.0
301235,30.5
301236,228.71
301237,23.01
301238,146.52
301239,143.47
301246,142.52
301248,31.82
301252,38.11
301255,48.73
301256,41.66
301257,33.01
301258,37.97
301259,23.49
301260,107.3
301261,40.54
301262,140.03
301263,81.91
301265,37.45
301266,58.36
301267,330.12
301268,129.4
301269,558.31
301270,44.09
301272,40.95
301273,22.52
301276,29.21
301277,53.97
301278,45.65
301279,25.36
301280,35.62
301281,61.75
301282,40.73
301283,32.18
301285,27.61
301286,115.55
301287,29.33
301288,23.98
301289,53.59
301290,36.45
301291,99.28
301292,55.03
301293,122.85
301295,28.35
301296,65.35
301297,66.83
301298,22.64
301299,42.18
301300,20.14
301301,206.72
301302,51.1
301303,71.45
301305,54.05
301306,33.07
301307,68.19
301308,321.04
301309,27.77
301310,63.37
301311,59.52
301312,50.48
301313,40.72
301314,28.18
301315,73.92
301316,126.6
301317,36.7
301318,33.55
301319,31.77
301320,39.79
301321,24.55
301322,58.41
301323,45.44
301325,113.72
301326,27.54
301327,96.16
301328,54.18
301329,42.31
301330,61.7
301331,32.05
301332,66.37
301333,50.21
301335,30.97
301336,18.71
301337,39.19
301338,41.92
301339,92.84
301345,53.96
301348,116.76
301349,59.67
301353,29.48
301355,38.28
301356,48.58
301357,39.2
301358,317.14
301359,22.7
301360,46.68
301361,29.99
301362,56.01
301363,180.68
301365,33.17
301366,53.85
301367,91.21
301368,52.24
301369,50.01
301370,106.92
301371,229.33
301372,65.83
301373,36.96
301376,104.83
301377,86.43
301378,40.74
301379,32.17
301380,31.48
301381,152.04
301382,69.7
301383,46.65
301386,42.5
301387,36.71
301388,28.31
301389,48.54
301390,30.0
301391,64.96
301393,108.37
301395,36.95
301396,38.7
301397,46.9
301398,53.48
301399,43.96
301408,79.16
301419,39.03
301428,42.24
301429,38.15
301439,71.36
301446,28.93
301448,31.45
301456,61.94
301468,50.5
301486,68.05
301487,238.86
301488,73.03
301499,57.58
301503,29.86
301505,52.21
301509,83.84
301512,37.73
301515,51.4
301518,45.98
301519,51.91
301418,
301421,
301469,
301498,
301510,
301511,
301528,
301533,
